URL,DATE,ID,CONTENT,USER,REPLY COUNT,RETWEET COUNT,LIKE COUNT,LANGUANGE,SOURCE,CONVERSATION ID
https://twitter.com/iamRathinkalita/status/1616642165496762373,2023-01-21T03:41:42+00:00,1616642165496762373,@akki_dhoni Ab kya hua bhai...kitna khudka beijjat karoge,"{""username"": ""iamRathinkalita"", ""id"": 720996407386112000, ""displayname"": ""Rathin kalita"", ""rawDescription"": ""\u25cfone man one soul one heart\n\u25cfI took a deep breath and listened to the old brag of my heart ;i am i am i am..\n\u2022 SRK forever"", ""renderedDescription"": ""\u25cfone man one soul one heart\n\u25cfI took a deep breath and listened to the old brag of my heart ;i am i am i am..\n\u2022 SRK forever"", ""descriptionLinks"": null, ""verified"": false, ""created"": ""2016-04-15T15:25:13+00:00"", ""followersCount"": 103, ""friendsCount"": 249, ""statusesCount"": 1807, ""favouritesCount"": 3840, ""listedCount"": 1, ""mediaCount"": 69, ""location"": ""Assam, India"", ""protected"": false, ""link"": null, ""profileImageUrl"": ""https://pbs.twimg.com/profile_images/1253701627317497857/mn73NQFE_normal.jpg"", ""profileBannerUrl"": ""https://pbs.twimg.com/profile_banners/720996407386112000/1476205164"", ""label"": null}",0,0,0,hi,"<a href=""http://twitter.com/download/android"" rel=""nofollow"">Twitter for Android</a>",1458351847702290438
https://twitter.com/d__hoots/status/1616642130679861250,2023-01-21T03:41:34+00:00,1616642130679861250,@BUSHINDIA ‡ÆÜ‡Æü‡Øç‡Æü‡ØÅ‡Æï‡Øç‡Æï‡ØÅ‡Æü‡Øç‡Æü‡Æø‡ÆØ ‡Æá‡Æ±‡Æï‡Øç‡Æï‡Æ≤‡Ææ‡ÆÆ‡Øç‡Æ≤?,"{""username"": ""d__hoots"", ""id"": 3313298257, ""displayname"": ""Davood Damodardas Dhoni"", ""rawDescription"": ""Hoot! \u0b86\u0ba8\u0bcd\u0ba4\u0bc8\u0b95\u0bcd\u0b95\u0bc1\u0bae\u0bcd \u0b89\u0ba3\u0bcd\u0b9f\u0bcb \u0b85\u0b9f\u0bc8\u0b95\u0bcd\u0b95\u0bc1\u0bae\u0bcd \u0ba4\u0bbe\u0bb4\u0bcd?"", ""renderedDescription"": ""Hoot! \u0b86\u0ba8\u0bcd\u0ba4\u0bc8\u0b95\u0bcd\u0b95\u0bc1\u0bae\u0bcd \u0b89\u0ba3\u0bcd\u0b9f\u0bcb \u0b85\u0b9f\u0bc8\u0b95\u0bcd\u0b95\u0bc1\u0bae\u0bcd \u0ba4\u0bbe\u0bb4\u0bcd?"", ""descriptionLinks"": null, ""verified"": false, ""created"": ""2015-08-12T10:19:30+00:00"", ""followersCount"": 17, ""friendsCount"": 95, ""statusesCount"": 2316, ""favouritesCount"": 3343, ""listedCount"": 0, ""mediaCount"": 585, ""location"": ""\u0b9a\u0bc6\u0ba9\u0bcd\u0ba9\u0bc8, \u0ba4\u0bae\u0bbf\u0bb4\u0bcd\u0ba8\u0bbe\u0b9f\u0bc1"", ""protected"": false, ""link"": ""https://www.ddd-hoots.com"", ""profileImageUrl"": ""https://pbs.twimg.com/profile_images/1570087436977410048/d6XnJd19_normal.jpg"", ""profileBannerUrl"": ""https://pbs.twimg.com/profile_banners/3313298257/1629461154"", ""label"": null}",0,0,0,ta,"<a href=""http://twitter.com/download/iphone"" rel=""nofollow"">Twitter for iPhone</a>",1616639890497884161
https://twitter.com/Prabhas733/status/1616642130616934406,2023-01-21T03:41:34+00:00,1616642130616934406,"His movies include 'Kai Po Che' (2013), 'PK' (2014), 'Detective Byomkesh Bakshi' (2015), 'M.S. Dhoni' (2016), 'Kedarnath' (2018), 'Chhichore' (2019), 'Son Chiriya' (2019), and his last movie 'Dil Bechara' (2020).

#SushantSinghRajput #BirthAnniversary https://t.co/IXLbbE6Sdw","{""username"": ""Prabhas733"", ""id"": 4702122852, ""displayname"": ""Prabhas Raj"", ""rawDescription"": ""\u0924\u0928\u094d\u0939\u093e \u0926\u093f\u0932 \u0924\u0928\u094d\u0939\u093e \u0938\u092b\u093c\u0930\n\u0922\u0942\u0902\u0922\u0947\u0902 \u0924\u0941\u091d\u0947 \u092b\u093f\u0930 \u0915\u094d\u092f\u094b\u0902 \u0928\u095b\u0930"", ""renderedDescription"": ""\u0924\u0928\u094d\u0939\u093e \u0926\u093f\u0932 \u0924\u0928\u094d\u0939\u093e \u0938\u092b\u093c\u0930\n\u0922\u0942\u0902\u0922\u0947\u0902 \u0924\u0941\u091d\u0947 \u092b\u093f\u0930 \u0915\u094d\u092f\u094b\u0902 \u0928\u095b\u0930"", ""descriptionLinks"": null, ""verified"": false, ""created"": ""2016-01-03T11:14:15+00:00"", ""followersCount"": 2932, ""friendsCount"": 3290, ""statusesCount"": 90780, ""favouritesCount"": 301323, ""listedCount"": 3, ""mediaCount"": 5859, ""location"": """", ""protected"": false, ""link"": null, ""profileImageUrl"": ""https://pbs.twimg.com/profile_images/1546844729735725056/Vt6x0WXL_normal.jpg"", ""profileBannerUrl"": null, ""label"": null}",0,0,0,en,"<a href=""http://twitter.com/download/android"" rel=""nofollow"">Twitter for Android</a>",1616641720380428288
https://twitter.com/NiteshRane29/status/1616642118440845312,2023-01-21T03:41:31+00:00,1616642118440845312,@gauravkapur @OaktreeSport can  you interview MS Dhoni,"{""username"": ""NiteshRane29"", ""id"": 4874332243, ""displayname"": ""Nitesh Rane"", ""rawDescription"": ""Pride, Thinker of the nation ,whose hands are safe to carry nation ahead\u2026"", ""renderedDescription"": ""Pride, Thinker of the nation ,whose hands are safe to carry nation ahead\u2026"", ""descriptionLinks"": null, ""verified"": false, ""created"": ""2016-02-07T15:38:23+00:00"", ""followersCount"": 22, ""friendsCount"": 104, ""statusesCount"": 562, ""favouritesCount"": 11534, ""listedCount"": 0, ""mediaCount"": 1, ""location"": ""Mumbai"", ""protected"": false, ""link"": null, ""profileImageUrl"": ""https://pbs.twimg.com/profile_images/1555322200034422784/CzaU0n4p_normal.jpg"", ""profileBannerUrl"": ""https://pbs.twimg.com/profile_banners/4874332243/1668595179"", ""label"": null}",0,0,0,en,"<a href=""http://twitter.com/download/iphone"" rel=""nofollow"">Twitter for iPhone</a>",1616479287275835392
https://twitter.com/RaiyanA50659666/status/1616641721957494785,2023-01-21T03:39:56+00:00,1616641721957494785,"@mibrahim950 @CricCrazyJohns Dhoni always wanted to have white beard.
I have been seeinh him since 2014 like that.
33-34 years age.
Everyone has their own choice.
Shahid Afridi might have used mehndi or color.","{""username"": ""RaiyanA50659666"", ""id"": 1546921507976122368, ""displayname"": ""Idk"", ""rawDescription"": """", ""renderedDescription"": """", ""descriptionLinks"": null, ""verified"": false, ""created"": ""2022-07-12T18:16:58+00:00"", ""followersCount"": 1, ""friendsCount"": 8, ""statusesCount"": 588, ""favouritesCount"": 247, ""listedCount"": 0, ""mediaCount"": 0, ""location"": """", ""protected"": false, ""link"": null, ""profileImageUrl"": ""https://pbs.twimg.com/profile_images/1546921576318189568/YaZMC-Om_normal.png"", ""profileBannerUrl"": null, ""label"": null}",0,0,0,en,"<a href=""https://mobile.twitter.com"" rel=""nofollow"">Twitter Web App</a>",1616476937437970433
https://twitter.com/TiwariAbhisar22/status/1616641622170558464,2023-01-21T03:39:33+00:00,1616641622170558464,"Dhoni bhai üôá‚Äç‚ôÇÔ∏èüôá‚Äç‚ôÇÔ∏è
#pkmkb üòÇüòÇüòÇüòÇüò≠üò≠üò≠

Boom boom üí£üí£ Afridi

@ash_dam007 @ChamanLucky1 @GaaajarKaHalwa @Himanshu_Hims22 @abhi_inthearc https://t.co/tTFMQlOE5x","{""username"": ""TiwariAbhisar22"", ""id"": 1379385170030030852, ""displayname"": ""Abhisar Tiwari"", ""rawDescription"": ""Proud to be an indian\ud83c\uddee\ud83c\uddf3\n\nJai hind. Jai shree ram.\n\n#PKMKBForever \n#Virat\ud83d\udc10"", ""renderedDescription"": ""Proud to be an indian\ud83c\uddee\ud83c\uddf3\n\nJai hind. Jai shree ram.\n\n#PKMKBForever \n#Virat\ud83d\udc10"", ""descriptionLinks"": null, ""verified"": false, ""created"": ""2021-04-06T10:47:47+00:00"", ""followersCount"": 137, ""friendsCount"": 92, ""statusesCount"": 3071, ""favouritesCount"": 23278, ""listedCount"": 0, ""mediaCount"": 1364, ""location"": """", ""protected"": false, ""link"": null, ""profileImageUrl"": ""https://pbs.twimg.com/profile_images/1616500299145056257/p5ZRuyBy_normal.jpg"", ""profileBannerUrl"": ""https://pbs.twimg.com/profile_banners/1379385170030030852/1674238937"", ""label"": null}",0,1,1,hi,"<a href=""http://twitter.com/download/android"" rel=""nofollow"">Twitter for Android</a>",1616641622170558464
https://twitter.com/PrinceShowry/status/1616641564465598464,2023-01-21T03:39:19+00:00,1616641564465598464,#Dhoni time lo Party Ammesadu.. adi vere vishyamm anukoo.... https://t.co/b3z5qFeKII,"{""username"": ""PrinceShowry"", ""id"": 1255026493584891905, ""displayname"": ""showry Mondru"", ""rawDescription"": ""DHFM untill my last breath"", ""renderedDescription"": ""DHFM untill my last breath"", ""descriptionLinks"": null, ""verified"": false, ""created"": ""2020-04-28T06:50:32+00:00"", ""followersCount"": 1381, ""friendsCount"": 2851, ""statusesCount"": 11071, ""favouritesCount"": 4134, ""listedCount"": 0, ""mediaCount"": 777, ""location"": ""Ongole, India"", ""protected"": false, ""link"": null, ""profileImageUrl"": ""https://pbs.twimg.com/profile_images/1609827004559552513/t0hliqtb_normal.jpg"", ""profileBannerUrl"": ""https://pbs.twimg.com/profile_banners/1255026493584891905/1668788407"", ""label"": null}",0,1,1,et,"<a href=""http://twitter.com/download/android"" rel=""nofollow"">Twitter for Android</a>",1616641564465598464
https://twitter.com/RKhabr/status/1616641332944207873,2023-01-21T03:38:24+00:00,1616641332944207873,"Ravindra Jadeja  Practice session for ahead IPL 2023. #IPL2023 #MSD
#MSDhoni #Dhoni #MSDhoniìÉµ #Raipur #ViratKohliìÉµ #RohitSharmaìÉµ #ShubmanGill #HardikPandyaìÉµ #SuryakumarYadav #SirajMiya #siraj #TeamIndia #IndvsNZ2ndODI #INDvsNZ #INDVSNZODI #IndianCricketTeam #jadeja https://t.co/0ngsTR6EB1","{""username"": ""RKhabr"", ""id"": 1415231466892521476, ""displayname"": ""Hits Talks"", ""rawDescription"": ""Hits Talks is a Hindi News Channel. The vision of the channel is \u0930\u093e\u0937\u094d\u091f\u094d\u0930 \u0915\u0947 \u0939\u093f\u0924 \u092e\u0947\u0902.\n\nMust Follow Our channel for fastest latest updates"", ""renderedDescription"": ""Hits Talks is a Hindi News Channel. The vision of the channel is \u0930\u093e\u0937\u094d\u091f\u094d\u0930 \u0915\u0947 \u0939\u093f\u0924 \u092e\u0947\u0902.\n\nMust Follow Our channel for fastest latest updates"", ""descriptionLinks"": null, ""verified"": false, ""created"": ""2021-07-14T08:49:42+00:00"", ""followersCount"": 48, ""friendsCount"": 1, ""statusesCount"": 19, ""favouritesCount"": 0, ""listedCount"": 0, ""mediaCount"": 19, ""location"": """", ""protected"": false, ""link"": null, ""profileImageUrl"": ""https://pbs.twimg.com/profile_images/1612895219032391680/nEcBemqJ_normal.jpg"", ""profileBannerUrl"": ""https://pbs.twimg.com/profile_banners/1415231466892521476/1673379162"", ""label"": null}",0,1,0,en,"<a href=""http://twitter.com/download/android"" rel=""nofollow"">Twitter for Android</a>",1616641332944207873
https://twitter.com/RibsGully/status/1616641006597996544,2023-01-21T03:37:06+00:00,1616641006597996544,"@CricAspect Remember the game very well. Enjoyed India‚Äôs batting. Return of Dada in ODIs, Gambhir played a good hand and then the Dhoni-Dravid partnership.. I remember Samuels slowing it down &amp; Morton playing the match.. he died a few years later","{""username"": ""RibsGully"", ""id"": 209610796, ""displayname"": ""Suvajit Mustafi"", ""rawDescription"": ""\ud83c\uddee\ud83c\uddf3 | Works @tatatrusts |\ud83d\udd8a@tbchronicle @cricket_country @TOIPlus @Sportskeeda @cricketnews_com |\u2764\ufe0f@PoojaMustafi, F/O Ayan & Misha | @waikato alum, PhD scholar"", ""renderedDescription"": ""\ud83c\uddee\ud83c\uddf3 | Works @tatatrusts |\ud83d\udd8a@tbchronicle @cricket_country @TOIPlus @Sportskeeda @cricketnews_com |\u2764\ufe0f@PoojaMustafi, F/O Ayan & Misha | @waikato alum, PhD scholar"", ""descriptionLinks"": null, ""verified"": false, ""created"": ""2010-10-29T14:43:33+00:00"", ""followersCount"": 1190, ""friendsCount"": 298, ""statusesCount"": 18171, ""favouritesCount"": 9035, ""listedCount"": 16, ""mediaCount"": 562, ""location"": ""Navi Mumbai, India"", ""protected"": false, ""link"": ""http://cricketcountry.com/author/suvajit-mustafi"", ""profileImageUrl"": ""https://pbs.twimg.com/profile_images/942999147006668801/g33aZLP8_normal.jpg"", ""profileBannerUrl"": ""https://pbs.twimg.com/profile_banners/209610796/1643654301"", ""label"": null}",0,0,0,en,"<a href=""http://twitter.com/download/iphone"" rel=""nofollow"">Twitter for iPhone</a>",1616639344923623425
https://twitter.com/Chiragkumar67/status/1616640904978128896,2023-01-21T03:36:42+00:00,1616640904978128896,@Cricketracker MS Dhoni And Yuvraj Singh https://t.co/wyK1D2v7oC,"{""username"": ""Chiragkumar67"", ""id"": 3032679960, ""displayname"": ""Chirag Kumar"", ""rawDescription"": """", ""renderedDescription"": """", ""descriptionLinks"": null, ""verified"": false, ""created"": ""2015-02-20T11:59:43+00:00"", ""followersCount"": 358, ""friendsCount"": 2639, ""statusesCount"": 89156, ""favouritesCount"": 83304, ""listedCount"": 10, ""mediaCount"": 2077, ""location"": """", ""protected"": false, ""link"": null, ""profileImageUrl"": ""https://pbs.twimg.com/profile_images/1354133179087671299/U_AVedEV_normal.jpg"", ""profileBannerUrl"": ""https://pbs.twimg.com/profile_banners/3032679960/1611685481"", ""label"": null}",0,0,0,ht,"<a href=""http://twitter.com/download/android"" rel=""nofollow"">Twitter for Android</a>",1616304855567708160
https://twitter.com/urstrulyTSK/status/1616640815585185798,2023-01-21T03:36:20+00:00,1616640815585185798,Edu cop lo pedha thopu anukuntunadu Naya Paisa undadu edi degara annada lanzakoduku edu thu,"{""username"": ""urstrulyTSK"", ""id"": 1114886565128429568, ""displayname"": ""Dhoni MAHAAN\ud83e\udd81"", ""rawDescription"": ""Cult #MaheshBabu and #Dhoni Fan , CSK \ud83d\udc9b\ud83c\udfc6\ud83c\udfc6\ud83c\udfc6\ud83c\udfc6 FAN BOY || CSK FOREVER \ud83d\udc9b|| CSK DHONI MB Taruwata evadu ayina|| RAINA-JADDU\u2764\ufe0f|| DHONI PR  #SRK"", ""renderedDescription"": ""Cult #MaheshBabu and #Dhoni Fan , CSK \ud83d\udc9b\ud83c\udfc6\ud83c\udfc6\ud83c\udfc6\ud83c\udfc6 FAN BOY || CSK FOREVER \ud83d\udc9b|| CSK DHONI MB Taruwata evadu ayina|| RAINA-JADDU\u2764\ufe0f|| DHONI PR  #SRK"", ""descriptionLinks"": null, ""verified"": false, ""created"": ""2019-04-07T13:44:05+00:00"", ""followersCount"": 768, ""friendsCount"": 995, ""statusesCount"": 44747, ""favouritesCount"": 85967, ""listedCount"": 0, ""mediaCount"": 4123, ""location"": ""Rent free in dhoni haters mind"", ""protected"": false, ""link"": null, ""profileImageUrl"": ""https://pbs.twimg.com/profile_images/1610703754520842241/-swCaTKL_normal.jpg"", ""profileBannerUrl"": ""https://pbs.twimg.com/profile_banners/1114886565128429568/1672044290"", ""label"": null}",0,0,0,et,"<a href=""http://twitter.com/download/android"" rel=""nofollow"">Twitter for Android</a>",1616640815585185798
https://twitter.com/VineetVinayak07/status/1616640572760166400,2023-01-21T03:35:22+00:00,1616640572760166400,@dispresionmehu @AryanSah03 As if Dhoni is himself saying all these and asking for credit.,"{""username"": ""VineetVinayak07"", ""id"": 1330893016052027392, ""displayname"": ""Vineet B Vinayak"", ""rawDescription"": ""Hi,\n\n- Student\n- PCM\n- Cricket Fan\n- Interested in politics\n- A proud Hindu\n- Always India First .\n \nWhat more do you want to know now ? \nBye"", ""renderedDescription"": ""Hi,\n\n- Student\n- PCM\n- Cricket Fan\n- Interested in politics\n- A proud Hindu\n- Always India First .\n \nWhat more do you want to know now ? \nBye"", ""descriptionLinks"": null, ""verified"": false, ""created"": ""2020-11-23T15:18:21+00:00"", ""followersCount"": 592, ""friendsCount"": 463, ""statusesCount"": 19610, ""favouritesCount"": 3244, ""listedCount"": 0, ""mediaCount"": 1591, ""location"": ""Bihar, India"", ""protected"": false, ""link"": null, ""profileImageUrl"": ""https://pbs.twimg.com/profile_images/1607995658103029761/hWe4n1eP_normal.jpg"", ""profileBannerUrl"": ""https://pbs.twimg.com/profile_banners/1330893016052027392/1641460440"", ""label"": null}",0,0,1,en,"<a href=""http://twitter.com/download/android"" rel=""nofollow"">Twitter for Android</a>",1616633157998239745
https://twitter.com/LOKI_Snape/status/1616640363275649030,2023-01-21T03:34:32+00:00,1616640363275649030,"@SoumyaTweets6 1. ""In the air, Sreesanth takes it &amp; India win.""

2. ""Dhoni finishes off in style. A magnificent strike into the crowd! India lift the World Cup after 28 years!‚Äù","{""username"": ""LOKI_Snape"", ""id"": 1459391509522829314, ""displayname"": ""Loki Laufeyson (Offline For Few Days)"", ""rawDescription"": ""@PatnaPirates & @ChennaiIPL Fan | Fan Account"", ""renderedDescription"": ""@PatnaPirates & @ChennaiIPL Fan | Fan Account"", ""descriptionLinks"": null, ""verified"": false, ""created"": ""2021-11-13T05:24:02+00:00"", ""followersCount"": 129, ""friendsCount"": 311, ""statusesCount"": 6324, ""favouritesCount"": 16066, ""listedCount"": 0, ""mediaCount"": 325, ""location"": ""TVA ke kisi Headquater mai"", ""protected"": false, ""link"": null, ""profileImageUrl"": ""https://pbs.twimg.com/profile_images/1569367981419003904/YpH61U6M_normal.jpg"", ""profileBannerUrl"": ""https://pbs.twimg.com/profile_banners/1459391509522829314/1663001773"", ""label"": null}",0,0,0,en,"<a href=""http://twitter.com/download/android"" rel=""nofollow"">Twitter for Android</a>",1616308450551812096
https://twitter.com/kukreja_ravii/status/1616640275765661697,2023-01-21T03:34:12+00:00,1616640275765661697,Saw same exclusive pic's of Ms dhoni . It Hurts to See Him getting old üòø,"{""username"": ""kukreja_ravii"", ""id"": 1295802677801021441, ""displayname"": ""Ravi.."", ""rawDescription"": ""Be Yourself, There is No One Better ........\nMS dhoni & Virat Kohli ! \ud83e\udd0d"", ""renderedDescription"": ""Be Yourself, There is No One Better ........\nMS dhoni & Virat Kohli ! \ud83e\udd0d"", ""descriptionLinks"": null, ""verified"": false, ""created"": ""2020-08-18T19:20:18+00:00"", ""followersCount"": 2231, ""friendsCount"": 890, ""statusesCount"": 108387, ""favouritesCount"": 40254, ""listedCount"": 5, ""mediaCount"": 6746, ""location"": ""Akola, India"", ""protected"": false, ""link"": null, ""profileImageUrl"": ""https://pbs.twimg.com/profile_images/1601166798384435201/aIgFa-9a_normal.jpg"", ""profileBannerUrl"": ""https://pbs.twimg.com/profile_banners/1295802677801021441/1667535663"", ""label"": null}",0,0,0,en,"<a href=""http://twitter.com/download/android"" rel=""nofollow"">Twitter for Android</a>",1616640275765661697
https://twitter.com/ItsRoshan321/status/1616640221868875776,2023-01-21T03:33:59+00:00,1616640221868875776,üòÇüòÇüòÇüòÇü§£ü§£ü§£ https://t.co/KoUOCIw9Gb,"{""username"": ""ItsRoshan321"", ""id"": 1480449059487825921, ""displayname"": ""Dhoni fan \ud83e\udd81"", ""rawDescription"": ""\ud835\ude3f\ud835\ude5d\ud835\ude64\ud835\ude63\ud835\ude5e \ud835\ude59\ud835\ude5e\ud835\ude5a \ud835\ude5d\ud835\ude56\ud835\ude67\ud835\ude59 \ud835\ude5b\ud835\ude56\ud835\ude63\ud835\ude6e\ud835\ude57\ud835\ude64\ud835\ude6e. #TeamIndia #CSK Movies \ud83c\udf7f and cricket \ud83c\udfcf"", ""renderedDescription"": ""\ud835\ude3f\ud835\ude5d\ud835\ude64\ud835\ude63\ud835\ude5e \ud835\ude59\ud835\ude5e\ud835\ude5a \ud835\ude5d\ud835\ude56\ud835\ude67\ud835\ude59 \ud835\ude5b\ud835\ude56\ud835\ude63\ud835\ude6e\ud835\ude57\ud835\ude64\ud835\ude6e. #TeamIndia #CSK Movies \ud83c\udf7f and cricket \ud83c\udfcf"", ""descriptionLinks"": null, ""verified"": false, ""created"": ""2022-01-10T07:59:17+00:00"", ""followersCount"": 780, ""friendsCount"": 752, ""statusesCount"": 13986, ""favouritesCount"": 25476, ""listedCount"": 0, ""mediaCount"": 1580, ""location"": ""your heart"", ""protected"": false, ""link"": null, ""profileImageUrl"": ""https://pbs.twimg.com/profile_images/1615583440845565953/VxxWdcBU_normal.jpg"", ""profileBannerUrl"": ""https://pbs.twimg.com/profile_banners/1480449059487825921/1673926641"", ""label"": null}",0,0,0,und,"<a href=""http://twitter.com/download/android"" rel=""nofollow"">Twitter for Android</a>",1616640221868875776
https://twitter.com/Niltweets7718/status/1616640108345847809,2023-01-21T03:33:32+00:00,1616640108345847809,@switch__hit18 @itsSSR Your favorite actress and your favorite cricketer Dhoni,"{""username"": ""Niltweets7718"", ""id"": 1542555537622978560, ""displayname"": ""Niladri"", ""rawDescription"": ""Shubman Gill and King Kohli stan.\nanother depressed KKR nd ICT supporter.\nUsed to be @Niladri1877"", ""renderedDescription"": ""Shubman Gill and King Kohli stan.\nanother depressed KKR nd ICT supporter.\nUsed to be @Niladri1877"", ""descriptionLinks"": null, ""verified"": false, ""created"": ""2022-06-30T17:08:18+00:00"", ""followersCount"": 90, ""friendsCount"": 118, ""statusesCount"": 238, ""favouritesCount"": 1805, ""listedCount"": 0, ""mediaCount"": 14, ""location"": ""in your heart "", ""protected"": false, ""link"": null, ""profileImageUrl"": ""https://pbs.twimg.com/profile_images/1605590685637566464/1fXSjgfE_normal.jpg"", ""profileBannerUrl"": ""https://pbs.twimg.com/profile_banners/1542555537622978560/1671637697"", ""label"": null}",0,0,0,en,"<a href=""http://twitter.com/download/android"" rel=""nofollow"">Twitter for Android</a>",1616511058507882497
https://twitter.com/CC_Hindi/status/1616640094525616129,2023-01-21T03:33:28+00:00,1616640094525616129,"‡§∏‡§´‡•á‡§¶ ‡§¶‡§æ‡§¢‡§º‡•Ä ‡§Æ‡•á‡§Ç ‡§ß‡•ã‡§®‡•Ä ‡§ï‡§æ ‡§®‡§Ø‡§æ ‡§≤‡•Å‡§ï ‡§Ü‡§Ø‡§æ ‡§∏‡§æ‡§Æ‡§®‡•á, ‡§´‡•à‡§Ç‡§∏ ‡§®‡•á ‡§ï‡§π‡§æ- ‡§∂‡•á‡§∞ ‡§Ö‡§¨ ‡§¨‡•Ç‡§¢‡§º‡§æ ‡§π‡•ã ‡§ó‡§Ø‡§æ ‡§π‡•à
#Dhoni 
https://t.co/4e7uoW59b2","{""username"": ""CC_Hindi"", ""id"": 4572779892, ""displayname"": ""Cricket Country_Hindi"", ""rawDescription"": ""The official Hindi Twitter account for https://t.co/Ko0UmEsojH | Zee Media"", ""renderedDescription"": ""The official Hindi Twitter account for CricketCountry.com | Zee Media"", ""descriptionLinks"": [""http://CricketCountry.com""], ""verified"": false, ""created"": ""2015-12-16T06:52:14+00:00"", ""followersCount"": 419, ""friendsCount"": 572, ""statusesCount"": 29021, ""favouritesCount"": 947, ""listedCount"": 14, ""mediaCount"": 10901, ""location"": ""Global"", ""protected"": false, ""link"": ""http://www.cricketcountry.com/hindi"", ""profileImageUrl"": ""https://pbs.twimg.com/profile_images/1567113233814925313/xMTUbr4U_normal.jpg"", ""profileBannerUrl"": ""https://pbs.twimg.com/profile_banners/4572779892/1668578272"", ""label"": null}",0,0,0,hi,"<a href=""https://mobile.twitter.com"" rel=""nofollow"">Twitter Web App</a>",1616640094525616129
https://twitter.com/bccicc/status/1616639981195517953,2023-01-21T03:33:01+00:00,1616639981195517953,"#OnThisDay 2006, MS Dhoni played a blistering knock vs Pakistanüáµüá∞ in Rawalpindi. 

Scored 148 Runs off 153 balls at 97 SR. It was the fastest‚ö° 100 by a visiting Keeper batter then in Pak. 

19 - 4's | 4 - 6's 

Smashed Akhter for 46 Runs in 28 balls at 164.3 SR. ü§Øü§Ø

#Cricket","{""username"": ""bccicc"", ""id"": 1501217667134459916, ""displayname"": ""cric guru"", ""rawDescription"": ""Cricket\ud83c\udfcf | IPL since 2008 | Strike rate - Acceleration - power \u26a1 hitting not in our hands \u270b"", ""renderedDescription"": ""Cricket\ud83c\udfcf | IPL since 2008 | Strike rate - Acceleration - power \u26a1 hitting not in our hands \u270b"", ""descriptionLinks"": null, ""verified"": false, ""created"": ""2022-03-08T15:26:17+00:00"", ""followersCount"": 424, ""friendsCount"": 247, ""statusesCount"": 11816, ""favouritesCount"": 10817, ""listedCount"": 1, ""mediaCount"": 587, ""location"": """", ""protected"": false, ""link"": null, ""profileImageUrl"": ""https://pbs.twimg.com/profile_images/1595071928783769600/22HM3FOR_normal.jpg"", ""profileBannerUrl"": null, ""label"": null}",0,0,0,en,"<a href=""http://twitter.com/download/android"" rel=""nofollow"">Twitter for Android</a>",1616639981195517953
https://twitter.com/urstrulyTSK/status/1616639645789585408,2023-01-21T03:31:41+00:00,1616639645789585408,Hack ayindi roi ü§£ü§£ü§£ü§£ü•π,"{""username"": ""urstrulyTSK"", ""id"": 1114886565128429568, ""displayname"": ""Dhoni MAHAAN\ud83e\udd81"", ""rawDescription"": ""Cult #MaheshBabu and #Dhoni Fan , CSK \ud83d\udc9b\ud83c\udfc6\ud83c\udfc6\ud83c\udfc6\ud83c\udfc6 FAN BOY || CSK FOREVER \ud83d\udc9b|| CSK DHONI MB Taruwata evadu ayina|| RAINA-JADDU\u2764\ufe0f|| DHONI PR  #SRK"", ""renderedDescription"": ""Cult #MaheshBabu and #Dhoni Fan , CSK \ud83d\udc9b\ud83c\udfc6\ud83c\udfc6\ud83c\udfc6\ud83c\udfc6 FAN BOY || CSK FOREVER \ud83d\udc9b|| CSK DHONI MB Taruwata evadu ayina|| RAINA-JADDU\u2764\ufe0f|| DHONI PR  #SRK"", ""descriptionLinks"": null, ""verified"": false, ""created"": ""2019-04-07T13:44:05+00:00"", ""followersCount"": 768, ""friendsCount"": 995, ""statusesCount"": 44747, ""favouritesCount"": 85967, ""listedCount"": 0, ""mediaCount"": 4123, ""location"": ""Rent free in dhoni haters mind"", ""protected"": false, ""link"": null, ""profileImageUrl"": ""https://pbs.twimg.com/profile_images/1610703754520842241/-swCaTKL_normal.jpg"", ""profileBannerUrl"": ""https://pbs.twimg.com/profile_banners/1114886565128429568/1672044290"", ""label"": null}",0,1,1,tl,"<a href=""http://twitter.com/download/android"" rel=""nofollow"">Twitter for Android</a>",1616639645789585408
https://twitter.com/MashudDhoni07/status/1616639581474131968,2023-01-21T03:31:26+00:00,1616639581474131968,"#TinaDatta aisi hai ki koi usko thappad bhi mare tab Tak Nehi bolti jab Tak koi sath na aye
For example uss din #ShalinBhanot se jhagda hua toh pehle dheere phir jab #PriyankaChaharChoudhury ayi tab chillane lagi aur yeh uska hamesha ki hai","{""username"": ""MashudDhoni07"", ""id"": 753656058661445632, ""displayname"": ""Mashud Dhoni"", ""rawDescription"": ""Future Software Engineer\nCricket lover\ud83c\udfcf\nDie hard Mahi bhai fan \u2764\ufe0f"", ""renderedDescription"": ""Future Software Engineer\nCricket lover\ud83c\udfcf\nDie hard Mahi bhai fan \u2764\ufe0f"", ""descriptionLinks"": null, ""verified"": false, ""created"": ""2016-07-14T18:23:01+00:00"", ""followersCount"": 39, ""friendsCount"": 26, ""statusesCount"": 159, ""favouritesCount"": 318, ""listedCount"": 0, ""mediaCount"": 24, ""location"": ""Assam, India"", ""protected"": false, ""link"": null, ""profileImageUrl"": ""https://pbs.twimg.com/profile_images/1515091507891490816/NRuaSS8V_normal.jpg"", ""profileBannerUrl"": ""https://pbs.twimg.com/profile_banners/753656058661445632/1568297835"", ""label"": null}",0,0,0,hi,"<a href=""http://twitter.com/download/android"" rel=""nofollow"">Twitter for Android</a>",1616639581474131968
https://twitter.com/_DhoniMyidol/status/1616639546434932737,2023-01-21T03:31:18+00:00,1616639546434932737,"Advance sales of #Pathaan movie have crossed 16 crores till now.

king khan is back with a bang üî•üî• https://t.co/YvXQMcBiUC","{""username"": ""_DhoniMyidol"", ""id"": 1532635882481590272, ""displayname"": ""\u2661 Amit \u2661"", ""rawDescription"": ""FAN ACCOUNT"", ""renderedDescription"": ""FAN ACCOUNT"", ""descriptionLinks"": null, ""verified"": false, ""created"": ""2022-06-03T08:11:23+00:00"", ""followersCount"": 1014, ""friendsCount"": 996, ""statusesCount"": 6623, ""favouritesCount"": 2603, ""listedCount"": 0, ""mediaCount"": 513, ""location"": """", ""protected"": false, ""link"": null, ""profileImageUrl"": ""https://pbs.twimg.com/profile_images/1615023736910123009/Zyi7sPog_normal.jpg"", ""profileBannerUrl"": ""https://pbs.twimg.com/profile_banners/1532635882481590272/1673789023"", ""label"": null}",0,2,5,en,"<a href=""http://twitter.com/download/android"" rel=""nofollow"">Twitter for Android</a>",1616639546434932737
https://twitter.com/dhoni98124642/status/1616639503611068417,2023-01-21T03:31:08+00:00,1616639503611068417,"LFG üöÄ
Good project 2023
@danawallet 
@ovo_id 
@DeDaulay 
@Hardidolay 

#Airdrop #NFT #Giveaway","{""username"": ""dhoni98124642"", ""id"": 1605385065436917760, ""displayname"": ""dhoni"", ""rawDescription"": """", ""renderedDescription"": """", ""descriptionLinks"": null, ""verified"": false, ""created"": ""2022-12-21T02:10:15+00:00"", ""followersCount"": 0, ""friendsCount"": 7, ""statusesCount"": 2, ""favouritesCount"": 1, ""listedCount"": 0, ""mediaCount"": 0, ""location"": """", ""protected"": false, ""link"": null, ""profileImageUrl"": ""https://abs.twimg.com/sticky/default_profile_images/default_profile_normal.png"", ""profileBannerUrl"": null, ""label"": null}",0,0,0,en,"<a href=""http://twitter.com/download/android"" rel=""nofollow"">Twitter for Android</a>",1616639503611068417
https://twitter.com/VijayDhoniPK/status/1616639404281561093,2023-01-21T03:30:44+00:00,1616639404281561093,Perazhagan,"{""username"": ""VijayDhoniPK"", ""id"": 1142046234703618048, ""displayname"": ""\u0baa\u0bc2\u0bb5\u0bb0\u0b9a\u0ba9\u0bcd"", ""rawDescription"": ""24, Lead Developer, Introvert, Silent Type, I stan VJ and MSD"", ""renderedDescription"": ""24, Lead Developer, Introvert, Silent Type, I stan VJ and MSD"", ""descriptionLinks"": null, ""verified"": false, ""created"": ""2019-06-21T12:26:55+00:00"", ""followersCount"": 741, ""friendsCount"": 781, ""statusesCount"": 25257, ""favouritesCount"": 28962, ""listedCount"": 0, ""mediaCount"": 3355, ""location"": """", ""protected"": false, ""link"": null, ""profileImageUrl"": ""https://pbs.twimg.com/profile_images/1614954355488358402/RheUHBYl_normal.jpg"", ""profileBannerUrl"": ""https://pbs.twimg.com/profile_banners/1142046234703618048/1673870178"", ""label"": null}",0,0,0,in,"<a href=""http://twitter.com/download/android"" rel=""nofollow"">Twitter for Android</a>",1616639404281561093
https://twitter.com/AnilKumble_/status/1616639339311816708,2023-01-21T03:30:28+00:00,1616639339311816708,"Many, Thala dhoni one among them","{""username"": ""AnilKumble_"", ""id"": 2846526319, ""displayname"": ""AK\ud83e\udd85"", ""rawDescription"": ""Frustrated Techie, PK | Dhoni | Movies | Music | Politics"", ""renderedDescription"": ""Frustrated Techie, PK | Dhoni | Movies | Music | Politics"", ""descriptionLinks"": null, ""verified"": false, ""created"": ""2014-10-08T07:05:09+00:00"", ""followersCount"": 374, ""friendsCount"": 369, ""statusesCount"": 5219, ""favouritesCount"": 4284, ""listedCount"": 0, ""mediaCount"": 533, ""location"": ""Hyderabad, India"", ""protected"": false, ""link"": null, ""profileImageUrl"": ""https://pbs.twimg.com/profile_images/1615960394815909888/2rE4yk1i_normal.jpg"", ""profileBannerUrl"": ""https://pbs.twimg.com/profile_banners/2846526319/1643663965"", ""label"": null}",0,0,0,en,"<a href=""http://twitter.com/download/android"" rel=""nofollow"">Twitter for Android</a>",1616639339311816708
https://twitter.com/rshyamkumar2002/status/1616639196525113345,2023-01-21T03:29:54+00:00,1616639196525113345,"@7screenstudio @actorvijay @directorvamshi @SVC_official @MusicThaman @iamRashmika @Lyricist_Vivek @Jagadishbliss @TSeries ,ü•≥ü•≥ü•≥","{""username"": ""rshyamkumar2002"", ""id"": 3966777493, ""displayname"": ""MS DHONI SHYAMKUMAR"", ""rawDescription"": """", ""renderedDescription"": """", ""descriptionLinks"": null, ""verified"": false, ""created"": ""2015-10-21T07:29:07+00:00"", ""followersCount"": 3, ""friendsCount"": 56, ""statusesCount"": 2, ""favouritesCount"": 22, ""listedCount"": 0, ""mediaCount"": 1, ""location"": """", ""protected"": false, ""link"": null, ""profileImageUrl"": ""https://pbs.twimg.com/profile_images/1616633834946330631/aYJ90Vfr_normal.jpg"", ""profileBannerUrl"": ""https://pbs.twimg.com/profile_banners/3966777493/1487769355"", ""label"": null}",0,0,0,und,"<a href=""http://twitter.com/download/android"" rel=""nofollow"">Twitter for Android</a>",1613904952153493504
https://twitter.com/VijayDhoniPK/status/1616639071455162368,2023-01-21T03:29:24+00:00,1616639071455162368,@Real_Greenhorn Appo adha first paatharen https://t.co/v9W8ajuM13,"{""username"": ""VijayDhoniPK"", ""id"": 1142046234703618048, ""displayname"": ""\u0baa\u0bc2\u0bb5\u0bb0\u0b9a\u0ba9\u0bcd"", ""rawDescription"": ""24, Lead Developer, Introvert, Silent Type, I stan VJ and MSD"", ""renderedDescription"": ""24, Lead Developer, Introvert, Silent Type, I stan VJ and MSD"", ""descriptionLinks"": null, ""verified"": false, ""created"": ""2019-06-21T12:26:55+00:00"", ""followersCount"": 741, ""friendsCount"": 781, ""statusesCount"": 25257, ""favouritesCount"": 28962, ""listedCount"": 0, ""mediaCount"": 3355, ""location"": """", ""protected"": false, ""link"": null, ""profileImageUrl"": ""https://pbs.twimg.com/profile_images/1614954355488358402/RheUHBYl_normal.jpg"", ""profileBannerUrl"": ""https://pbs.twimg.com/profile_banners/1142046234703618048/1673870178"", ""label"": null}",1,0,1,en,"<a href=""http://twitter.com/download/android"" rel=""nofollow"">Twitter for Android</a>",1616589135078387713
https://twitter.com/Amanicorn1/status/1616638937870766085,2023-01-21T03:28:53+00:00,1616638937870766085,"@legendpanjab @ffspari Are bhai bhai bhai ü§£ü§£ Rohit 2nd best cricketer lmao. Abe ipl k nibbe kohli sir , dravid sir , dhoni sir kon hai fir ??? ü§£ü§£ü§£ IPL jitne se kuch nahi hota yaha saamne semifinal aur finals me fat jaati h Roshit kiü§Æ Pakistan Wale keh k lete h tere 2nd best kirketer ki ü§£ü§£
King https://t.co/SE1rXVUBSj","{""username"": ""Amanicorn1"", ""id"": 1496497502379737090, ""displayname"": ""Amanicorn"", ""rawDescription"": ""If you are funnier than me , I'll block you !"", ""renderedDescription"": ""If you are funnier than me , I'll block you !"", ""descriptionLinks"": null, ""verified"": false, ""created"": ""2022-02-23T14:50:08+00:00"", ""followersCount"": 18, ""friendsCount"": 104, ""statusesCount"": 346, ""favouritesCount"": 1433, ""listedCount"": 0, ""mediaCount"": 59, ""location"": """", ""protected"": false, ""link"": null, ""profileImageUrl"": ""https://pbs.twimg.com/profile_images/1601995254097666048/Sfheisdu_normal.jpg"", ""profileBannerUrl"": ""https://pbs.twimg.com/profile_banners/1496497502379737090/1645629482"", ""label"": null}",0,0,0,in,"<a href=""http://twitter.com/download/android"" rel=""nofollow"">Twitter for Android</a>",1616422309027516418
https://twitter.com/manidhonii/status/1616638776532684801,2023-01-21T03:28:14+00:00,1616638776532684801,Wowüòç,"{""username"": ""manidhonii"", ""id"": 885898773729222656, ""displayname"": ""Mani Dhoni"", ""rawDescription"": ""Cricket & Cinema"", ""renderedDescription"": ""Cricket & Cinema"", ""descriptionLinks"": null, ""verified"": false, ""created"": ""2017-07-14T16:28:21+00:00"", ""followersCount"": 140, ""friendsCount"": 196, ""statusesCount"": 20758, ""favouritesCount"": 40461, ""listedCount"": 0, ""mediaCount"": 524, ""location"": ""Chennai, India"", ""protected"": false, ""link"": null, ""profileImageUrl"": ""https://pbs.twimg.com/profile_images/1399564245658836994/RLXzCiwr_normal.jpg"", ""profileBannerUrl"": ""https://pbs.twimg.com/profile_banners/885898773729222656/1597551195"", ""label"": null}",0,0,0,qst,"<a href=""http://twitter.com/download/android"" rel=""nofollow"">Twitter for Android</a>",1616638776532684801
https://twitter.com/AnilKumble_/status/1616638404795727872,2023-01-21T03:26:46+00:00,1616638404795727872,Dhoni,"{""username"": ""AnilKumble_"", ""id"": 2846526319, ""displayname"": ""AK\ud83e\udd85"", ""rawDescription"": ""Frustrated Techie, PK | Dhoni | Movies | Music | Politics"", ""renderedDescription"": ""Frustrated Techie, PK | Dhoni | Movies | Music | Politics"", ""descriptionLinks"": null, ""verified"": false, ""created"": ""2014-10-08T07:05:09+00:00"", ""followersCount"": 374, ""friendsCount"": 369, ""statusesCount"": 5219, ""favouritesCount"": 4284, ""listedCount"": 0, ""mediaCount"": 533, ""location"": ""Hyderabad, India"", ""protected"": false, ""link"": null, ""profileImageUrl"": ""https://pbs.twimg.com/profile_images/1615960394815909888/2rE4yk1i_normal.jpg"", ""profileBannerUrl"": ""https://pbs.twimg.com/profile_banners/2846526319/1643663965"", ""label"": null}",0,0,0,in,"<a href=""http://twitter.com/download/android"" rel=""nofollow"">Twitter for Android</a>",1616638404795727872
https://twitter.com/DhoniArmyKA/status/1616638299313180672,2023-01-21T03:26:20+00:00,1616638299313180672,"What a pic ü§©

@MSDhoni ‚Ä¢ #MSDhoni ‚Ä¢ #Dhoni https://t.co/9g230weVaq","{""username"": ""DhoniArmyKA"", ""id"": 1375775852923744256, ""displayname"": ""Dhoni Army KA\u2122"", ""rawDescription"": ""Fan Club of GOAT @MSDhoni from Karnataka \u2764 |\nDhoni Adda Karnataka \ud83d\ude0e | #MSDhoni #Dhoni"", ""renderedDescription"": ""Fan Club of GOAT @MSDhoni from Karnataka \u2764 |\nDhoni Adda Karnataka \ud83d\ude0e | #MSDhoni #Dhoni"", ""descriptionLinks"": null, ""verified"": false, ""created"": ""2021-03-27T11:45:20+00:00"", ""followersCount"": 1920, ""friendsCount"": 8, ""statusesCount"": 2425, ""favouritesCount"": 1295, ""listedCount"": 1, ""mediaCount"": 1762, ""location"": """", ""protected"": false, ""link"": null, ""profileImageUrl"": ""https://pbs.twimg.com/profile_images/1606534533460811776/cPU8fPNo_normal.jpg"", ""profileBannerUrl"": ""https://pbs.twimg.com/profile_banners/1375775852923744256/1657351011"", ""label"": null}",0,1,18,en,"<a href=""http://twitter.com/download/android"" rel=""nofollow"">Twitter for Android</a>",1616638299313180672
https://twitter.com/LaplaceTF/status/1616638022610739202,2023-01-21T03:25:14+00:00,1616638022610739202,dhoni,"{""username"": ""LaplaceTF"", ""id"": 2955589699, ""displayname"": ""\ud83c\udf1eI V\u2200\u0279\ud83c\udf1e"", ""rawDescription"": ""the guy you know the frustration you don't. \ud83d\ude1d"", ""renderedDescription"": ""the guy you know the frustration you don't. \ud83d\ude1d"", ""descriptionLinks"": null, ""verified"": false, ""created"": ""2015-01-02T04:19:54+00:00"", ""followersCount"": 270, ""friendsCount"": 592, ""statusesCount"": 30344, ""favouritesCount"": 45531, ""listedCount"": 0, ""mediaCount"": 4136, ""location"": ""Lonavala/Mumbai"", ""protected"": false, ""link"": null, ""profileImageUrl"": ""https://pbs.twimg.com/profile_images/1376561721268002817/A5s8votE_normal.jpg"", ""profileBannerUrl"": ""https://pbs.twimg.com/profile_banners/2955589699/1601201359"", ""label"": null}",0,0,0,in,"<a href=""http://twitter.com/download/android"" rel=""nofollow"">Twitter for Android</a>",1616638022610739202
https://twitter.com/Dhoni_Tweetz/status/1616637815722508292,2023-01-21T03:24:25+00:00,1616637815722508292,Account h@cked üòÇ Again.,"{""username"": ""Dhoni_Tweetz"", ""id"": 842926186657447937, ""displayname"": ""\ud835\udc11 \ud835\udc08 \ud835\udc13 \ud835\udc08 \ud835\udc0a \u1d48\u02b0\u1d52\u207f\u2071 \ud83c\udde6\ud83c\uddfa"", ""rawDescription"": ""\u1d1b\u1d00\u029f\u1d07\u0274\u1d1b\u029f\u1d07ss  ||   \u0493\u1d00\u026a\u029f\u1d1c\u0280\u1d07 \u0262\u1d1c\u028f   ||   \u029c\u028f\u1d18\u1d0f\u1d04\u0280\u026a\u1d1b\u1d07  ||  \u026a\u0274\u1d1b\u0280\u1d0f\u1d20\u1d07\u0280\u1d1b"", ""renderedDescription"": ""\u1d1b\u1d00\u029f\u1d07\u0274\u1d1b\u029f\u1d07ss  ||   \u0493\u1d00\u026a\u029f\u1d1c\u0280\u1d07 \u0262\u1d1c\u028f   ||   \u029c\u028f\u1d18\u1d0f\u1d04\u0280\u026a\u1d1b\u1d07  ||  \u026a\u0274\u1d1b\u0280\u1d0f\u1d20\u1d07\u0280\u1d1b"", ""descriptionLinks"": null, ""verified"": false, ""created"": ""2017-03-18T02:30:38+00:00"", ""followersCount"": 4458, ""friendsCount"": 3186, ""statusesCount"": 57416, ""favouritesCount"": 135748, ""listedCount"": 5, ""mediaCount"": 12612, ""location"": ""MSDian , Lillies "", ""protected"": false, ""link"": null, ""profileImageUrl"": ""https://pbs.twimg.com/profile_images/1614890790337282050/XWnJq3uj_normal.jpg"", ""profileBannerUrl"": ""https://pbs.twimg.com/profile_banners/842926186657447937/1666848169"", ""label"": null}",0,0,0,en,"<a href=""http://twitter.com/download/android"" rel=""nofollow"">Twitter for Android</a>",1616637815722508292
https://twitter.com/summu431/status/1616637803957297152,2023-01-21T03:24:22+00:00,1616637803957297152,Ntr and dhoni pic chesi ivandi ilaga,"{""username"": ""summu431"", ""id"": 769955546615148544, ""displayname"": ""Sumanth\ud83c\udf0a"", ""rawDescription"": ""Mahbubnagar\u2026\u2026\u2026\u2026\u2026\u2026\u2026\u2026missouri"", ""renderedDescription"": ""Mahbubnagar\u2026\u2026\u2026\u2026\u2026\u2026\u2026\u2026missouri"", ""descriptionLinks"": null, ""verified"": false, ""created"": ""2016-08-28T17:51:22+00:00"", ""followersCount"": 567, ""friendsCount"": 529, ""statusesCount"": 55809, ""favouritesCount"": 60093, ""listedCount"": 0, ""mediaCount"": 3103, ""location"": ""Overland Park, KS"", ""protected"": false, ""link"": null, ""profileImageUrl"": ""https://pbs.twimg.com/profile_images/1603527750094098434/5hsNm0UB_normal.jpg"", ""profileBannerUrl"": ""https://pbs.twimg.com/profile_banners/769955546615148544/1648668083"", ""label"": null}",0,0,0,in,"<a href=""http://twitter.com/download/iphone"" rel=""nofollow"">Twitter for iPhone</a>",1616637803957297152
https://twitter.com/yuviraj21/status/1616637797435322369,2023-01-21T03:24:21+00:00,1616637797435322369,@heyBarsee Dhoni and ratan tata,"{""username"": ""yuviraj21"", ""id"": 2162620956, ""displayname"": ""yuvraj"", ""rawDescription"": ""Engineer \ud83d\udcbb, investor \ud83d\udcc8, Cricket , movie buff\ud83c\udfa5,tweets and rts are my personal opinion"", ""renderedDescription"": ""Engineer \ud83d\udcbb, investor \ud83d\udcc8, Cricket , movie buff\ud83c\udfa5,tweets and rts are my personal opinion"", ""descriptionLinks"": null, ""verified"": false, ""created"": ""2013-10-29T10:56:51+00:00"", ""followersCount"": 52, ""friendsCount"": 1011, ""statusesCount"": 1723, ""favouritesCount"": 10494, ""listedCount"": 0, ""mediaCount"": 52, ""location"": ""Bengaluru, India"", ""protected"": false, ""link"": null, ""profileImageUrl"": ""https://pbs.twimg.com/profile_images/1476084417915355136/o1hCqS-d_normal.jpg"", ""profileBannerUrl"": ""https://pbs.twimg.com/profile_banners/2162620956/1651413132"", ""label"": null}",0,0,0,in,"<a href=""http://twitter.com/download/android"" rel=""nofollow"">Twitter for Android</a>",1616534094187298816
https://twitter.com/VijayKu12208665/status/1616637289551253513,2023-01-21T03:22:20+00:00,1616637289551253513,"@TheBarmyArmy I started to watch cricket from Yuvaraj Singh ,Sachin &amp; Dhoni . But, Virat and ABD made me to fall in love with cricket!‚ù§Ô∏èü´°","{""username"": ""VijayKu12208665"", ""id"": 1445947366608019461, ""displayname"": ""P.H.A.N.T.O.M"", ""rawDescription"": ""Proud kannadiga\ud83d\udc9b\u2665\ufe0f\n\nYash\u2665\ufe0fKiccha."", ""renderedDescription"": ""Proud kannadiga\ud83d\udc9b\u2665\ufe0f\n\nYash\u2665\ufe0fKiccha."", ""descriptionLinks"": null, ""verified"": false, ""created"": ""2021-10-07T03:01:55+00:00"", ""followersCount"": 137, ""friendsCount"": 239, ""statusesCount"": 7027, ""favouritesCount"": 45614, ""listedCount"": 0, ""mediaCount"": 917, ""location"": """", ""protected"": false, ""link"": null, ""profileImageUrl"": ""https://pbs.twimg.com/profile_images/1612786738279378947/Acu6BeaS_normal.jpg"", ""profileBannerUrl"": ""https://pbs.twimg.com/profile_banners/1445947366608019461/1672318717"", ""label"": null}",0,0,0,en,"<a href=""http://twitter.com/download/iphone"" rel=""nofollow"">Twitter for iPhone</a>",1616021617485942784
https://twitter.com/Shivans71302876/status/1616637096923664385,2023-01-21T03:21:34+00:00,1616637096923664385,@HonestCricFan @STANMSDHONI7 @kuna1___ @CricCrazyJohns Lmao as per his batting position dhoni is very good batsman,"{""username"": ""Shivans71302876"", ""id"": 1406474436673368065, ""displayname"": ""Shivansh Patel"", ""rawDescription"": ""ICT Fan \nBut Hate Them Who Hate Dhoni \u2764\ufe0f"", ""renderedDescription"": ""ICT Fan \nBut Hate Them Who Hate Dhoni \u2764\ufe0f"", ""descriptionLinks"": null, ""verified"": false, ""created"": ""2021-06-20T04:50:33+00:00"", ""followersCount"": 69, ""friendsCount"": 127, ""statusesCount"": 1356, ""favouritesCount"": 6565, ""listedCount"": 0, ""mediaCount"": 183, ""location"": """", ""protected"": false, ""link"": null, ""profileImageUrl"": ""https://pbs.twimg.com/profile_images/1543640127552888832/fBdq5-8H_normal.jpg"", ""profileBannerUrl"": ""https://pbs.twimg.com/profile_banners/1406474436673368065/1644930672"", ""label"": null}",0,0,0,en,"<a href=""http://twitter.com/download/android"" rel=""nofollow"">Twitter for Android</a>",1615982619094831107
https://twitter.com/MSDevoteee/status/1616637074437967875,2023-01-21T03:21:28+00:00,1616637074437967875,Chinnaswamy + Dhoni chants + helicopter shot ~ üíâ‚ù§Ô∏è,"{""username"": ""MSDevoteee"", ""id"": 1410485543876534275, ""displayname"": ""Ravi MSDian \u2122"", ""rawDescription"": ""\u0ca8\u0ca8\u0ccd\u0ca8\u0cca\u0cb2\u0cb5\u0cbf\u0ca8 \u0caa\u0cb0\u0cae\u0cbe\u0ca4\u0ccd\u0cae \u0cb6\u0cbe\u0cb6\u0ccd\u0cb5\u0ca4 \u0ca8\u0cc0\u0ca8\u0cc6\u0c82\u0ca6\u0cc1 \u2764\ufe0f"", ""renderedDescription"": ""\u0ca8\u0ca8\u0ccd\u0ca8\u0cca\u0cb2\u0cb5\u0cbf\u0ca8 \u0caa\u0cb0\u0cae\u0cbe\u0ca4\u0ccd\u0cae \u0cb6\u0cbe\u0cb6\u0ccd\u0cb5\u0ca4 \u0ca8\u0cc0\u0ca8\u0cc6\u0c82\u0ca6\u0cc1 \u2764\ufe0f"", ""descriptionLinks"": null, ""verified"": false, ""created"": ""2021-07-01T06:29:06+00:00"", ""followersCount"": 2078, ""friendsCount"": 1322, ""statusesCount"": 29695, ""favouritesCount"": 53292, ""listedCount"": 5, ""mediaCount"": 2904, ""location"": ""Karnataka \ud83d\udc9b\u2764\ufe0f"", ""protected"": false, ""link"": null, ""profileImageUrl"": ""https://pbs.twimg.com/profile_images/1587488797830557696/PrDEBije_normal.jpg"", ""profileBannerUrl"": ""https://pbs.twimg.com/profile_banners/1410485543876534275/1664714914"", ""label"": null}",0,1,1,en,"<a href=""http://twitter.com/download/android"" rel=""nofollow"">Twitter for Android</a>",1616637074437967875
https://twitter.com/AyushVe23885917/status/1616636994515255297,2023-01-21T03:21:09+00:00,1616636994515255297,@mufaddal_vohra Are india ki taraf se kab khelga,"{""username"": ""AyushVe23885917"", ""id"": 1459863617843580931, ""displayname"": ""ALWAYS DHONI & ROHIT fan"", ""rawDescription"": ""Student"", ""renderedDescription"": ""Student"", ""descriptionLinks"": null, ""verified"": false, ""created"": ""2021-11-14T12:40:11+00:00"", ""followersCount"": 6, ""friendsCount"": 69, ""statusesCount"": 929, ""favouritesCount"": 1856, ""listedCount"": 0, ""mediaCount"": 21, ""location"": ""India"", ""protected"": false, ""link"": null, ""profileImageUrl"": ""https://pbs.twimg.com/profile_images/1596937221101170688/g4jGX6-E_normal.jpg"", ""profileBannerUrl"": ""https://pbs.twimg.com/profile_banners/1459863617843580931/1669574478"", ""label"": null}",0,0,0,et,"<a href=""http://twitter.com/download/android"" rel=""nofollow"">Twitter for Android</a>",1616627829848035329
https://twitter.com/Adityacutevill1/status/1616636456092725249,2023-01-21T03:19:01+00:00,1616636456092725249,"Happy Birthday ssr ü•∫‚ù§Ô∏èMs dhoni is one of my fav film ‚ù§Ô∏è
#SushantSinghRajputìÉµ https://t.co/vItBkpc3yW","{""username"": ""Adityacutevill1"", ""id"": 1478373466537611278, ""displayname"": ""Aditya"", ""rawDescription"": ""fan of yash boss and proud kannadiga \ud83d\udc9b\u2764\ufe0f"", ""renderedDescription"": ""fan of yash boss and proud kannadiga \ud83d\udc9b\u2764\ufe0f"", ""descriptionLinks"": null, ""verified"": false, ""created"": ""2022-01-04T14:31:58+00:00"", ""followersCount"": 151, ""friendsCount"": 153, ""statusesCount"": 1377, ""favouritesCount"": 945, ""listedCount"": 0, ""mediaCount"": 104, ""location"": """", ""protected"": false, ""link"": null, ""profileImageUrl"": ""https://pbs.twimg.com/profile_images/1611014799739195397/7EZUMQCI_normal.jpg"", ""profileBannerUrl"": null, ""label"": null}",0,0,2,en,"<a href=""http://twitter.com/download/android"" rel=""nofollow"">Twitter for Android</a>",1616636456092725249
https://twitter.com/Tisha0202/status/1616636110456909824,2023-01-21T03:17:39+00:00,1616636110456909824,"@ColorsTV Dhoni
 #BBQueenPriyanka","{""username"": ""Tisha0202"", ""id"": 1493580283291258884, ""displayname"": ""Aaruxtisha"", ""rawDescription"": ""love them #sritijha,#shabirahluwalia \n.\n.\n. \nsupporting PRIYANKA in bb16"", ""renderedDescription"": ""love them #sritijha,#shabirahluwalia \n.\n.\n. \nsupporting PRIYANKA in bb16"", ""descriptionLinks"": null, ""verified"": false, ""created"": ""2022-02-15T13:38:20+00:00"", ""followersCount"": 115, ""friendsCount"": 66, ""statusesCount"": 8921, ""favouritesCount"": 5729, ""listedCount"": 0, ""mediaCount"": 7, ""location"": ""India"", ""protected"": false, ""link"": null, ""profileImageUrl"": ""https://pbs.twimg.com/profile_images/1569564657152819202/hngoMDRd_normal.jpg"", ""profileBannerUrl"": null, ""label"": null}",0,1,0,in,"<a href=""http://twitter.com/download/android"" rel=""nofollow"">Twitter for Android</a>",1616031513400991744
https://twitter.com/AmalenduPatra18/status/1616636042974744576,2023-01-21T03:17:22+00:00,1616636042974744576,@ChennaiIPL @msdhoni My best brother.m.s.dhoni,"{""username"": ""AmalenduPatra18"", ""id"": 1616633158598012928, ""displayname"": ""Amalendu Patra"", ""rawDescription"": """", ""renderedDescription"": """", ""descriptionLinks"": null, ""verified"": false, ""created"": ""2023-01-21T03:06:19+00:00"", ""followersCount"": 0, ""friendsCount"": 13, ""statusesCount"": 1, ""favouritesCount"": 0, ""listedCount"": 0, ""mediaCount"": 0, ""location"": """", ""protected"": false, ""link"": null, ""profileImageUrl"": ""https://pbs.twimg.com/profile_images/1616633262230892545/xXv2M9_Q_normal.png"", ""profileBannerUrl"": null, ""label"": null}",0,0,0,en,"<a href=""http://twitter.com/download/android"" rel=""nofollow"">Twitter for Android</a>",1616346469992378373
https://twitter.com/AnilKumble_/status/1616636002973671425,2023-01-21T03:17:13+00:00,1616636002973671425,Dhoni,"{""username"": ""AnilKumble_"", ""id"": 2846526319, ""displayname"": ""AK\ud83e\udd85"", ""rawDescription"": ""Frustrated Techie, PK | Dhoni | Movies | Music | Politics"", ""renderedDescription"": ""Frustrated Techie, PK | Dhoni | Movies | Music | Politics"", ""descriptionLinks"": null, ""verified"": false, ""created"": ""2014-10-08T07:05:09+00:00"", ""followersCount"": 374, ""friendsCount"": 369, ""statusesCount"": 5219, ""favouritesCount"": 4284, ""listedCount"": 0, ""mediaCount"": 533, ""location"": ""Hyderabad, India"", ""protected"": false, ""link"": null, ""profileImageUrl"": ""https://pbs.twimg.com/profile_images/1615960394815909888/2rE4yk1i_normal.jpg"", ""profileBannerUrl"": ""https://pbs.twimg.com/profile_banners/2846526319/1643663965"", ""label"": null}",0,0,0,in,"<a href=""http://twitter.com/download/android"" rel=""nofollow"">Twitter for Android</a>",1616636002973671425
https://twitter.com/Cinema_Boy_08/status/1616635847310442497,2023-01-21T03:16:36+00:00,1616635847310442497,@Bindra_Off Dhoni naadu üòéüî•üî•,"{""username"": ""Cinema_Boy_08"", ""id"": 1286257484781383681, ""displayname"": ""KH"", ""rawDescription"": ""actor, singer dancer, biryani maker, all in one - AK anna \ud83d\ude0e"", ""renderedDescription"": ""actor, singer dancer, biryani maker, all in one - AK anna \ud83d\ude0e"", ""descriptionLinks"": null, ""verified"": false, ""created"": ""2020-07-23T11:11:08+00:00"", ""followersCount"": 157, ""friendsCount"": 287, ""statusesCount"": 3818, ""favouritesCount"": 279, ""listedCount"": 0, ""mediaCount"": 471, ""location"": ""Singapore"", ""protected"": false, ""link"": null, ""profileImageUrl"": ""https://pbs.twimg.com/profile_images/1596441799555305473/tPCgPskd_normal.jpg"", ""profileBannerUrl"": ""https://pbs.twimg.com/profile_banners/1286257484781383681/1666680677"", ""label"": null}",1,0,0,hi,"<a href=""http://twitter.com/download/android"" rel=""nofollow"">Twitter for Android</a>",1616630214926401542
https://twitter.com/Maria46387899/status/1616635435324669952,2023-01-21T03:14:58+00:00,1616635435324669952,@MalihaShaukat @AvinashArya09 Q k budhaaa hogia he jata hi nai ü§£ü§£ü§£ jo bhi naya ata he le de k usy yahi budha dikhta he jis din Chala gaya us din kia.  ?? Us din name bhi ni lia jay ga bus name reh jay ga like dhoni record banty hi he beta totny k liyay,"{""username"": ""Maria46387899"", ""id"": 1513245130836398080, ""displayname"": ""Ma_ria"", ""rawDescription"": "".... My idol .... Hazrat Muhammad mustafah s.a.w\u270c\ufe0f\ud83d\udc96\ud83e\ude96\ud83d\udc97"", ""renderedDescription"": "".... My idol .... Hazrat Muhammad mustafah s.a.w\u270c\ufe0f\ud83d\udc96\ud83e\ude96\ud83d\udc97"", ""descriptionLinks"": null, ""verified"": false, ""created"": ""2022-04-10T19:59:10+00:00"", ""followersCount"": 45, ""friendsCount"": 66, ""statusesCount"": 2868, ""favouritesCount"": 3888, ""listedCount"": 0, ""mediaCount"": 30, ""location"": """", ""protected"": false, ""link"": null, ""profileImageUrl"": ""https://pbs.twimg.com/profile_images/1548686040273244161/VDkS1t3h_normal.jpg"", ""profileBannerUrl"": ""https://pbs.twimg.com/profile_banners/1513245130836398080/1674027384"", ""label"": null}",0,0,0,in,"<a href=""http://twitter.com/download/android"" rel=""nofollow"">Twitter for Android</a>",1616433061415235584
https://twitter.com/Dhoni_Pk_RAM/status/1616635336209354752,2023-01-21T03:14:34+00:00,1616635336209354752,@PowerStarAppu5 üòÇ,"{""username"": ""Dhoni_Pk_RAM"", ""id"": 1192093193178767360, ""displayname"": ""Equality \ud83d\udc49Undisputed"", ""rawDescription"": ""dreamer and explorer"", ""renderedDescription"": ""dreamer and explorer"", ""descriptionLinks"": null, ""verified"": false, ""created"": ""2019-11-06T14:55:58+00:00"", ""followersCount"": 79, ""friendsCount"": 402, ""statusesCount"": 9242, ""favouritesCount"": 2840, ""listedCount"": 0, ""mediaCount"": 1679, ""location"": """", ""protected"": false, ""link"": null, ""profileImageUrl"": ""https://pbs.twimg.com/profile_images/1615387344240259073/qJTG1F4v_normal.jpg"", ""profileBannerUrl"": ""https://pbs.twimg.com/profile_banners/1192093193178767360/1639756855"", ""label"": null}",0,0,1,und,"<a href=""http://twitter.com/download/android"" rel=""nofollow"">Twitter for Android</a>",1616633499313922049
https://twitter.com/imDhoni_fc/status/1616635328017870850,2023-01-21T03:14:32+00:00,1616635328017870850,"Good morning Msdians.... This smile is enough to fill positive energy for whole day . 

Have a good day . üíõüíô https://t.co/S3iHtNVVgk","{""username"": ""imDhoni_fc"", ""id"": 1244185244, ""displayname"": ""TEAM MS DHONI #Dhoni"", ""rawDescription"": ""Passionate Fan Club of Dhoni.  \nUpdates on #Dhoni #TeamIndia #CSK #ChennaiSuperKings #WhistlePodu @msdhoni"", ""renderedDescription"": ""Passionate Fan Club of Dhoni.  \nUpdates on #Dhoni #TeamIndia #CSK #ChennaiSuperKings #WhistlePodu @msdhoni"", ""descriptionLinks"": null, ""verified"": false, ""created"": ""2013-03-05T17:04:18+00:00"", ""followersCount"": 659391, ""friendsCount"": 61, ""statusesCount"": 24653, ""favouritesCount"": 2356, ""listedCount"": 87, ""mediaCount"": 4652, ""location"": ""With Dhoni Always"", ""protected"": false, ""link"": null, ""profileImageUrl"": ""https://pbs.twimg.com/profile_images/1280559475506638848/qlVvsJ23_normal.jpg"", ""profileBannerUrl"": ""https://pbs.twimg.com/profile_banners/1244185244/1455091359"", ""label"": null}",0,0,10,en,"<a href=""http://twitter.com/download/android"" rel=""nofollow"">Twitter for Android</a>",1616635328017870850
https://twitter.com/AbhiramYamujala/status/1616634993580847105,2023-01-21T03:13:12+00:00,1616634993580847105,@uday4497 Dhoni and Kohli,"{""username"": ""AbhiramYamujala"", ""id"": 1587999070739894272, ""displayname"": ""Yamujala Satya Abhiram"", ""rawDescription"": """", ""renderedDescription"": """", ""descriptionLinks"": null, ""verified"": false, ""created"": ""2022-11-03T02:44:31+00:00"", ""followersCount"": 12, ""friendsCount"": 29, ""statusesCount"": 1725, ""favouritesCount"": 3032, ""listedCount"": 0, ""mediaCount"": 73, ""location"": """", ""protected"": false, ""link"": null, ""profileImageUrl"": ""https://pbs.twimg.com/profile_images/1615919358882217986/AxRW-t5x_normal.jpg"", ""profileBannerUrl"": ""https://pbs.twimg.com/profile_banners/1587999070739894272/1668049048"", ""label"": null}",0,0,0,et,"<a href=""http://twitter.com/download/android"" rel=""nofollow"">Twitter for Android</a>",1616409824857845760
https://twitter.com/Nishant59652282/status/1616634405585580034,2023-01-21T03:10:52+00:00,1616634405585580034,@ChakriDhoni17 Dhoni with their die heart fans üíÄüíÄ,"{""username"": ""Nishant59652282"", ""id"": 1601040469831479297, ""displayname"": ""Pandey Nishant"", ""rawDescription"": """", ""renderedDescription"": """", ""descriptionLinks"": null, ""verified"": false, ""created"": ""2022-12-09T02:26:25+00:00"", ""followersCount"": 19, ""friendsCount"": 197, ""statusesCount"": 1102, ""favouritesCount"": 1270, ""listedCount"": 0, ""mediaCount"": 185, ""location"": ""Mumbai, India"", ""protected"": false, ""link"": null, ""profileImageUrl"": ""https://pbs.twimg.com/profile_images/1615001193960607746/KohARicG_normal.jpg"", ""profileBannerUrl"": ""https://pbs.twimg.com/profile_banners/1601040469831479297/1673689659"", ""label"": null}",0,0,0,en,"<a href=""http://twitter.com/download/android"" rel=""nofollow"">Twitter for Android</a>",1616062714383831046
https://twitter.com/dispresionmehu/status/1616633955448651776,2023-01-21T03:09:05+00:00,1616633955448651776,@AryanSah03 Dhoni Credit stealer imb,"{""username"": ""dispresionmehu"", ""id"": 1544941374386028544, ""displayname"": ""Anuj \ud83d\udcab\u2728"", ""rawDescription"": ""cringe and funny sometimes \ud83d\ude13"", ""renderedDescription"": ""cringe and funny sometimes \ud83d\ude13"", ""descriptionLinks"": null, ""verified"": false, ""created"": ""2022-07-07T07:08:32+00:00"", ""followersCount"": 1085, ""friendsCount"": 954, ""statusesCount"": 13521, ""favouritesCount"": 6877, ""listedCount"": 0, ""mediaCount"": 789, ""location"": ""\ud83d\ude14"", ""protected"": false, ""link"": ""http://ngl.link/dispresionmehu"", ""profileImageUrl"": ""https://pbs.twimg.com/profile_images/1610500725863501824/PO387IND_normal.jpg"", ""profileBannerUrl"": ""https://pbs.twimg.com/profile_banners/1544941374386028544/1673784217"", ""label"": null}",4,0,4,en,"<a href=""http://twitter.com/download/android"" rel=""nofollow"">Twitter for Android</a>",1616633157998239745
https://twitter.com/Dhoni_Pk_RAM/status/1616633539767992323,2023-01-21T03:07:26+00:00,1616633539767992323,ü§£ü§£ü§£ü§£ü§£ü§£ü§£,"{""username"": ""Dhoni_Pk_RAM"", ""id"": 1192093193178767360, ""displayname"": ""Equality \ud83d\udc49Undisputed"", ""rawDescription"": ""dreamer and explorer"", ""renderedDescription"": ""dreamer and explorer"", ""descriptionLinks"": null, ""verified"": false, ""created"": ""2019-11-06T14:55:58+00:00"", ""followersCount"": 79, ""friendsCount"": 402, ""statusesCount"": 9242, ""favouritesCount"": 2840, ""listedCount"": 0, ""mediaCount"": 1679, ""location"": """", ""protected"": false, ""link"": null, ""profileImageUrl"": ""https://pbs.twimg.com/profile_images/1615387344240259073/qJTG1F4v_normal.jpg"", ""profileBannerUrl"": ""https://pbs.twimg.com/profile_banners/1192093193178767360/1639756855"", ""label"": null}",0,0,0,art,"<a href=""http://twitter.com/download/android"" rel=""nofollow"">Twitter for Android</a>",1616633539767992323
https://twitter.com/BobinsAbraham/status/1616633301409894400,2023-01-21T03:06:29+00:00,1616633301409894400,"It is D-Day for PT-7.
The STF tasked to capture #Dhoni's problem elephant has set a deadline to capture PT-7 today.
The STF backed by three kumki elephants is already in the forest and has located the tusker. https://t.co/1zYtsFI9Ao","{""username"": ""BobinsAbraham"", ""id"": 488077600, ""displayname"": ""Bobins Abraham Vayalil"", ""rawDescription"": ""Principal Correspondent @indiatimes. Previously with @ANI, @Newzstreettv."", ""renderedDescription"": ""Principal Correspondent @indiatimes. Previously with @ANI, @Newzstreettv."", ""descriptionLinks"": null, ""verified"": true, ""created"": ""2012-02-10T01:58:19+00:00"", ""followersCount"": 1071, ""friendsCount"": 194, ""statusesCount"": 8279, ""favouritesCount"": 439, ""listedCount"": 26, ""mediaCount"": 2350, ""location"": ""New Delhi/Kerala"", ""protected"": false, ""link"": ""http://www.indiatimes.com/author/bobins-abraham/"", ""profileImageUrl"": ""https://pbs.twimg.com/profile_images/1449615598606905345/-5_Qb27j_normal.jpg"", ""profileBannerUrl"": ""https://pbs.twimg.com/profile_banners/488077600/1615028394"", ""label"": null}",0,0,0,en,"<a href=""http://twitter.com/download/android"" rel=""nofollow"">Twitter for Android</a>",1610912946049388544
https://twitter.com/pawanbhatia83/status/1616633270648856577,2023-01-21T03:06:21+00:00,1616633270648856577,@gauravkapur @OaktreeSport We want Dhoni...,"{""username"": ""pawanbhatia83"", ""id"": 58442314, ""displayname"": ""Pawan Bhatia"", ""rawDescription"": ""Follow your heart. Be a DreamChaser"", ""renderedDescription"": ""Follow your heart. Be a DreamChaser"", ""descriptionLinks"": null, ""verified"": false, ""created"": ""2009-07-20T10:33:18+00:00"", ""followersCount"": 116, ""friendsCount"": 1036, ""statusesCount"": 4519, ""favouritesCount"": 8611, ""listedCount"": 6, ""mediaCount"": 303, ""location"": ""Mumbai"", ""protected"": false, ""link"": null, ""profileImageUrl"": ""https://pbs.twimg.com/profile_images/322630237/007_normal.JPG"", ""profileBannerUrl"": ""https://pbs.twimg.com/profile_banners/58442314/1388482516"", ""label"": null}",0,0,0,en,"<a href=""http://twitter.com/download/android"" rel=""nofollow"">Twitter for Android</a>",1616479287275835392
https://twitter.com/Saravanan_dhoni/status/1616633244115668992,2023-01-21T03:06:15+00:00,1616633244115668992,@itisMadhan_ Title card mudiyurathukulla kanna soruvara series fan ü§£ü§£ü§£ü§£,"{""username"": ""Saravanan_dhoni"", ""id"": 433984573, ""displayname"": ""saravanan rashmika fan"", ""rawDescription"": ""Rashmika \u2764 Thalapathy Vijay \u2764 MSD \u2764"", ""renderedDescription"": ""Rashmika \u2764 Thalapathy Vijay \u2764 MSD \u2764"", ""descriptionLinks"": null, ""verified"": false, ""created"": ""2011-12-11T08:16:36+00:00"", ""followersCount"": 26, ""friendsCount"": 362, ""statusesCount"": 2490, ""favouritesCount"": 4087, ""listedCount"": 0, ""mediaCount"": 19, ""location"": """", ""protected"": false, ""link"": null, ""profileImageUrl"": ""https://pbs.twimg.com/profile_images/1615414350692638722/OI1AMTsT_normal.jpg"", ""profileBannerUrl"": null, ""label"": null}",0,0,0,tr,"<a href=""http://twitter.com/download/android"" rel=""nofollow"">Twitter for Android</a>",1616630965446799360
https://twitter.com/Dhoni_Ram_7/status/1616633185294749696,2023-01-21T03:06:01+00:00,1616633185294749696,#NewProfilePic https://t.co/PCOXFaF8PX,"{""username"": ""Dhoni_Ram_7"", ""id"": 1072855551762034691, ""displayname"": ""Jeeva Ram"", ""rawDescription"": ""M.RAM KUMAR"", ""renderedDescription"": ""M.RAM KUMAR"", ""descriptionLinks"": null, ""verified"": false, ""created"": ""2018-12-12T14:07:51+00:00"", ""followersCount"": 8, ""friendsCount"": 16, ""statusesCount"": 40, ""favouritesCount"": 529, ""listedCount"": 0, ""mediaCount"": 35, ""location"": ""Villupuram"", ""protected"": false, ""link"": null, ""profileImageUrl"": ""https://pbs.twimg.com/profile_images/1616633091782766592/aAtd3sdL_normal.jpg"", ""profileBannerUrl"": ""https://pbs.twimg.com/profile_banners/1072855551762034691/1566621689"", ""label"": null}",0,0,0,qme,"<a href=""http://twitter.com/download/android"" rel=""nofollow"">Twitter for Android</a>",1616633185294749696
https://twitter.com/ajey_dhoni/status/1616632936312475648,2023-01-21T03:05:02+00:00,1616632936312475648,@tamiltalkies Ipdi solratuku evlo kudutanunga unaku,"{""username"": ""ajey_dhoni"", ""id"": 1469921275, ""displayname"": ""AJEY"", ""rawDescription"": ""\ud83d\ude09\ud83d\ude07Crazy Guy\ud83d\ude07\ud83d\ude09"", ""renderedDescription"": ""\ud83d\ude09\ud83d\ude07Crazy Guy\ud83d\ude07\ud83d\ude09"", ""descriptionLinks"": null, ""verified"": false, ""created"": ""2013-05-30T14:42:57+00:00"", ""followersCount"": 56, ""friendsCount"": 1671, ""statusesCount"": 1086, ""favouritesCount"": 627, ""listedCount"": 1, ""mediaCount"": 115, ""location"": ""India"", ""protected"": false, ""link"": null, ""profileImageUrl"": ""https://pbs.twimg.com/profile_images/1314275061621092352/ldRdh1jd_normal.jpg"", ""profileBannerUrl"": ""https://pbs.twimg.com/profile_banners/1469921275/1453205590"", ""label"": null}",0,0,0,in,"<a href=""http://twitter.com/download/android"" rel=""nofollow"">Twitter for Android</a>",1616474440199725057
https://twitter.com/Dhoni_Pk_RAM/status/1616632766438989824,2023-01-21T03:04:21+00:00,1616632766438989824,Ave hair Cuttings chestu rojuki 100 rupayalu kuda Sapadhinchani vallaki isthe better dhani valla poor people ki help ganu untundhi Governments waste ga karchulu kuda thagguthai (2/2),"{""username"": ""Dhoni_Pk_RAM"", ""id"": 1192093193178767360, ""displayname"": ""Equality \ud83d\udc49Undisputed"", ""rawDescription"": ""dreamer and explorer"", ""renderedDescription"": ""dreamer and explorer"", ""descriptionLinks"": null, ""verified"": false, ""created"": ""2019-11-06T14:55:58+00:00"", ""followersCount"": 79, ""friendsCount"": 402, ""statusesCount"": 9242, ""favouritesCount"": 2840, ""listedCount"": 0, ""mediaCount"": 1679, ""location"": """", ""protected"": false, ""link"": null, ""profileImageUrl"": ""https://pbs.twimg.com/profile_images/1615387344240259073/qJTG1F4v_normal.jpg"", ""profileBannerUrl"": ""https://pbs.twimg.com/profile_banners/1192093193178767360/1639756855"", ""label"": null}",0,0,0,hi,"<a href=""http://twitter.com/download/android"" rel=""nofollow"">Twitter for Android</a>",1616632041050894343
https://twitter.com/amisingh_sw/status/1616632495004585984,2023-01-21T03:03:17+00:00,1616632495004585984,"My saddest Day !üòëüòëüòëüòë Hard luck.
#IndVsPak
69* (30) run partnership by Dhoni and @YUVSTRONG12 üôèüôèüôèüôè
@SGanguly99 bowling (3-9)

But lost by 2 runs. https://t.co/JKmrcV5WLu","{""username"": ""amisingh_sw"", ""id"": 564250265, ""displayname"": ""AMI"", ""rawDescription"": ""If opportunity doesn't knock,Build a Door.."", ""renderedDescription"": ""If opportunity doesn't knock,Build a Door.."", ""descriptionLinks"": null, ""verified"": false, ""created"": ""2012-04-27T03:13:42+00:00"", ""followersCount"": 9, ""friendsCount"": 162, ""statusesCount"": 575, ""favouritesCount"": 150, ""listedCount"": 0, ""mediaCount"": 210, ""location"": ""Toronto , Canada"", ""protected"": false, ""link"": null, ""profileImageUrl"": ""https://pbs.twimg.com/profile_images/1491994513824436224/db_Z6zdn_normal.jpg"", ""profileBannerUrl"": ""https://pbs.twimg.com/profile_banners/564250265/1590207885"", ""label"": null}",0,0,0,en,"<a href=""http://twitter.com/download/android"" rel=""nofollow"">Twitter for Android</a>",1616632495004585984
https://twitter.com/G65G6/status/1616632312300724224,2023-01-21T03:02:33+00:00,1616632312300724224,@gauravkapur @OaktreeSport Dhoni ke interview hai kya?,"{""username"": ""G65G6"", ""id"": 1542468909458083840, ""displayname"": ""Motorola G6"", ""rawDescription"": """", ""renderedDescription"": """", ""descriptionLinks"": null, ""verified"": false, ""created"": ""2022-06-30T11:24:01+00:00"", ""followersCount"": 3, ""friendsCount"": 69, ""statusesCount"": 11, ""favouritesCount"": 22, ""listedCount"": 0, ""mediaCount"": 0, ""location"": """", ""protected"": false, ""link"": null, ""profileImageUrl"": ""https://pbs.twimg.com/profile_images/1542468997613989888/Y2PJe1pb_normal.png"", ""profileBannerUrl"": null, ""label"": null}",0,0,0,in,"<a href=""https://mobile.twitter.com"" rel=""nofollow"">Twitter Web App</a>",1616479287275835392
https://twitter.com/Dhoni_Pk_RAM/status/1616632041050894343,2023-01-21T03:01:28+00:00,1616632041050894343,"Free plans thiseyadam jaragani pani  kani andhulo konni marpulu cheyalsina avasaram ayithe undhi, Uchitha Padhakalu evadiki padithe vadiki kakunda Economical status chusi isthe betterüëçCutting chesevallu roju 1500,2000 sapandhinchina vallu unnaru ilanti vallaki kakunda 1/2","{""username"": ""Dhoni_Pk_RAM"", ""id"": 1192093193178767360, ""displayname"": ""Equality \ud83d\udc49Undisputed"", ""rawDescription"": ""dreamer and explorer"", ""renderedDescription"": ""dreamer and explorer"", ""descriptionLinks"": null, ""verified"": false, ""created"": ""2019-11-06T14:55:58+00:00"", ""followersCount"": 79, ""friendsCount"": 402, ""statusesCount"": 9242, ""favouritesCount"": 2840, ""listedCount"": 0, ""mediaCount"": 1679, ""location"": """", ""protected"": false, ""link"": null, ""profileImageUrl"": ""https://pbs.twimg.com/profile_images/1615387344240259073/qJTG1F4v_normal.jpg"", ""profileBannerUrl"": ""https://pbs.twimg.com/profile_banners/1192093193178767360/1639756855"", ""label"": null}",1,0,0,hi,"<a href=""http://twitter.com/download/android"" rel=""nofollow"">Twitter for Android</a>",1616632041050894343
https://twitter.com/Singh_Ro45/status/1616632016623239168,2023-01-21T03:01:22+00:00,1616632016623239168,"Individual 200s under the ODI Captains

2 times - Rohit Sharma*
2 times - MS Dhoni
   1 time - Virat Kohli
   1 time - Virender Sehwag
   1 time - KL Rahul
   1 time - Brendon McCullum
   1 time - Jason Holder
   1 time - Sarfaraz Ahmed

#RohitSharmaìÉµ  || #INDvsNZ
@ImRo45 ü¶Å","{""username"": ""Singh_Ro45"", ""id"": 1322903341525987331, ""displayname"": ""\u0280\u1d00\u1d0a\u0274\u1d00\u0274\u1d05\u1d00\u0274\u026a \ua731\u026a\u0274\u0262\u029c\u2074\u2075\ud83c\uddee\ud83c\uddf3"", ""rawDescription"": ""Nothing important more than Rohit Sharma\ud83d\udc48Rohit Sharma is not just a star \u2b50he's an emotion of mine\n#MumbaiIndans\nPROUD #\u092d\u0942\u092e\u093f\u0939\u093e\u0930  \ud83d\ude0e"", ""renderedDescription"": ""Nothing important more than Rohit Sharma\ud83d\udc48Rohit Sharma is not just a star \u2b50he's an emotion of mine\n#MumbaiIndans\nPROUD #\u092d\u0942\u092e\u093f\u0939\u093e\u0930  \ud83d\ude0e"", ""descriptionLinks"": null, ""verified"": false, ""created"": ""2020-11-01T14:08:48+00:00"", ""followersCount"": 1196, ""friendsCount"": 730, ""statusesCount"": 42402, ""favouritesCount"": 23141, ""listedCount"": 0, ""mediaCount"": 5045, ""location"": ""Bengaluru, India"", ""protected"": false, ""link"": ""https://instagram.com/nandani_45__?igshid=YmMyMTA2M2Y="", ""profileImageUrl"": ""https://pbs.twimg.com/profile_images/1612801327473754112/TAbKbDin_normal.jpg"", ""profileBannerUrl"": ""https://pbs.twimg.com/profile_banners/1322903341525987331/1671473788"", ""label"": null}",2,6,20,en,"<a href=""http://twitter.com/download/android"" rel=""nofollow"">Twitter for Android</a>",1616632016623239168
https://twitter.com/urstrulyyashu7/status/1616631892903878656,2023-01-21T03:00:53+00:00,1616631892903878656,@Mahiyank_78 No finisher even after Dhoni,"{""username"": ""urstrulyyashu7"", ""id"": 725906614855733248, ""displayname"": ""#GlobeTrotting \ud83c\udf1f\ud83d\udd25\ud83d\udca5"", ""rawDescription"": ""Indian\ud83c\uddee\ud83c\uddf3 Dreamer... Tech-ie....... UT Dallas MSBA'24"", ""renderedDescription"": ""Indian\ud83c\uddee\ud83c\uddf3 Dreamer... Tech-ie....... UT Dallas MSBA'24"", ""descriptionLinks"": null, ""verified"": false, ""created"": ""2016-04-29T04:36:38+00:00"", ""followersCount"": 125, ""friendsCount"": 202, ""statusesCount"": 9201, ""favouritesCount"": 32651, ""listedCount"": 0, ""mediaCount"": 155, ""location"": ""Texas, USA"", ""protected"": false, ""link"": ""http://Spoti.fi/34MRoIJ"", ""profileImageUrl"": ""https://pbs.twimg.com/profile_images/1613099981027610624/fQ3gdumG_normal.jpg"", ""profileBannerUrl"": ""https://pbs.twimg.com/profile_banners/725906614855733248/1671347533"", ""label"": null}",0,0,0,en,"<a href=""http://twitter.com/download/iphone"" rel=""nofollow"">Twitter for iPhone</a>",1616486972029300737
